title,url,event_id,description
Bates MBB Practice,https://25livepub.collegenet.com/calendars/25live-woodpec-cal?eventid=1339174417,1339174417,
WBB Practice,https://25livepub.collegenet.com/calendars/25live-woodpec-cal?eventid=1339200169,1339200169,
WBB Practice,https://25livepub.collegenet.com/calendars/25live-woodpec-cal?eventid=1339200170,1339200170,
Men's Tennis Practice,https://25livepub.collegenet.com/calendars/25live-woodpec-cal?eventid=1302257111,1302257111,
Swim/Dive Practice,https://25livepub.collegenet.com/calendars/25live-woodpec-cal?eventid=1290411656,1290411656,
Swim/Dive Practice,https://25livepub.collegenet.com/calendars/25live-woodpec-cal?eventid=1290411658,1290411658,
Hampden-Sydney MBB Practice,https://25livepub.collegenet.com/calendars/25live-woodpec-cal?eventid=1345108087,1345108087,
Emory Holiday Classic,https://25livepub.collegenet.com/calendars/25live-woodpec-cal?eventid=1286577813,1286577813,
Emory Holiday Classic,https://25livepub.collegenet.com/calendars/25live-woodpec-cal?eventid=1286577814,1286577814,
Men's Tennis Practice,https://25livepub.collegenet.com/calendars/25live-woodpec-cal?eventid=1302257365,1302257365,
Swim/Dive Practice,https://25livepub.collegenet.com/calendars/25live-woodpec-cal?eventid=1290411657,1290411657,
Swim/Dive Practice,https://25livepub.collegenet.com/calendars/25live-woodpec-cal?eventid=1290411659,1290411659,
Men's Tennis Practice,https://25livepub.collegenet.com/calendars/25live-woodpec-cal?eventid=1302257108,1302257108,
Men's Tennis Practice,https://25livepub.collegenet.com/calendars/25live-woodpec-cal?eventid=1302257109,1302257109,
Men's Tennis Practice,https://25livepub.collegenet.com/calendars/25live-woodpec-cal?eventid=1302257110,1302257110,
M/WBB Practice Hold,https://25livepub.collegenet.com/calendars/25live-woodpec-cal?eventid=1333587420,1333587420,
Men's Tennis Practice,https://25livepub.collegenet.com/calendars/25live-woodpec-cal?eventid=1302257362,1302257362,
Men's Tennis Practice,https://25livepub.collegenet.com/calendars/25live-woodpec-cal?eventid=1302257363,1302257363,
Men's Tennis Practice,https://25livepub.collegenet.com/calendars/25live-woodpec-cal?eventid=1302257364,1302257364,
MBB Practice,https://25livepub.collegenet.com/calendars/25live-woodpec-cal?eventid=1339203326,1339203326,
Maryville MBB Practice,https://25livepub.collegenet.com/calendars/25live-woodpec-cal?eventid=1345108088,1345108088,
WBB Practice,https://25livepub.collegenet.com/calendars/25live-woodpec-cal?eventid=1339203327,1339203327,
Swim/Dive Practice,https://25livepub.collegenet.com/calendars/25live-woodpec-cal?eventid=1290411660,1290411660,
Swim/Dive Practice,https://25livepub.collegenet.com/calendars/25live-woodpec-cal?eventid=1290411661,1290411661,
Medical Training for Outdoor Rec,https://25livepub.collegenet.com/calendars/25live-woodpec-cal?eventid=1337501675,1337501675,
Medical Training for Outdoor Rec,https://25livepub.collegenet.com/calendars/25live-woodpec-cal?eventid=1337501676,1337501676,
Medical Training for Outdoor Rec,https://25livepub.collegenet.com/calendars/25live-woodpec-cal?eventid=1337501677,1337501677,
Swim/Dive Practice,https://25livepub.collegenet.com/calendars/25live-woodpec-cal?eventid=1290411668,1290411668,
Track & Field Practice,https://25livepub.collegenet.com/calendars/25live-woodpec-cal?eventid=1345033071,1345033071,
Medical Training for Outdoor Rec,https://25livepub.collegenet.com/calendars/25live-woodpec-cal?eventid=1337501674,1337501674,
Swim/Dive Practice,https://25livepub.collegenet.com/calendars/25live-woodpec-cal?eventid=1290411663,1290411663,
Swim/Dive Practice,https://25livepub.collegenet.com/calendars/25live-woodpec-cal?eventid=1290411664,1290411664,
Swim/Dive Practice,https://25livepub.collegenet.com/calendars/25live-woodpec-cal?eventid=1290411666,1290411666,
RecWell Retreat,https://25livepub.collegenet.com/calendars/25live-woodpec-cal?eventid=1343355520,1343355520,
Track & Field Practice,https://25livepub.collegenet.com/calendars/25live-woodpec-cal?eventid=1345033072,1345033072,
Track & Field Practice,https://25livepub.collegenet.com/calendars/25live-woodpec-cal?eventid=1345033073,1345033073,
Track & Field Practice,https://25livepub.collegenet.com/calendars/25live-woodpec-cal?eventid=1345033074,1345033074,
Track & Field Practice,https://25livepub.collegenet.com/calendars/25live-woodpec-cal?eventid=1345033075,1345033075,
FAC OPS MEETING,https://25livepub.collegenet.com/calendars/25live-woodpec-cal?eventid=1350668578,1350668578,
GF Spring Semester Meeting,https://25livepub.collegenet.com/calendars/25live-woodpec-cal?eventid=1350483941,1350483941,
Swim/Dive Practice,https://25livepub.collegenet.com/calendars/25live-woodpec-cal?eventid=1290411665,1290411665,
M/WBB Practice Hold,https://25livepub.collegenet.com/calendars/25live-woodpec-cal?eventid=1333587425,1333587425,
Swim/Dive Practice,https://25livepub.collegenet.com/calendars/25live-woodpec-cal?eventid=1290411662,1290411662,
Athletics PLG,https://25livepub.collegenet.com/calendars/25live-woodpec-cal?eventid=1334726512,1334726512,
EDC Auditions,https://25livepub.collegenet.com/calendars/25live-woodpec-cal?eventid=1350990065,1350990065,
Swim/Dive Practice,https://25livepub.collegenet.com/calendars/25live-woodpec-cal?eventid=1290411667,1290411667,
EKB Dance Practice,https://25livepub.collegenet.com/calendars/25live-woodpec-cal?eventid=1347797581,1347797581,
Swim/Dive Practice,https://25livepub.collegenet.com/calendars/25live-woodpec-cal?eventid=1290411669,1290411669,
Swim/Dive Practice,https://25livepub.collegenet.com/calendars/25live-woodpec-cal?eventid=1290411671,1290411671,
Swim/Dive Practice,https://25livepub.collegenet.com/calendars/25live-woodpec-cal?eventid=1290411672,1290411672,
Swim/Dive Practice,https://25livepub.collegenet.com/calendars/25live-woodpec-cal?eventid=1290411673,1290411673,
Swim/Dive Practice,https://25livepub.collegenet.com/calendars/25live-woodpec-cal?eventid=1290411674,1290411674,
Human Reformer Certification,https://25livepub.collegenet.com/calendars/25live-woodpec-cal?eventid=1346629977,1346629977,
MBB Practice,https://25livepub.collegenet.com/calendars/25live-woodpec-cal?eventid=1352401131,1352401131,
Emory Panhellenic Council Bid Day,https://25livepub.collegenet.com/calendars/25live-woodpec-cal?eventid=1275958172,1275958172,
Stretch & Restore (Maki),https://25livepub.collegenet.com/calendars/25live-woodpec-cal?eventid=1346500486,1346500486,
Sunrise Yoga (Savvy),https://25livepub.collegenet.com/calendars/25live-woodpec-cal?eventid=1346500488,1346500488,
Stretch & Restore (Maki),https://25livepub.collegenet.com/calendars/25live-woodpec-cal?eventid=1346500490,1346500490,
Track & Field Practice,https://25livepub.collegenet.com/calendars/25live-woodpec-cal?eventid=1345033077,1345033077,
Swim/Dive,https://25livepub.collegenet.com/calendars/25live-woodpec-cal?eventid=1290434095,1290434095,
Mindful Mobility (Tani),https://25livepub.collegenet.com/calendars/25live-woodpec-cal?eventid=1346500485,1346500485,
Rise & Ride (Lauren),https://25livepub.collegenet.com/calendars/25live-woodpec-cal?eventid=1346500846,1346500846,
Rise & Ride (Cecilia),https://25livepub.collegenet.com/calendars/25live-woodpec-cal?eventid=1346437051,1346437051,
Track & Field Practice,https://25livepub.collegenet.com/calendars/25live-woodpec-cal?eventid=1345033076,1345033076,
Dance Class Warm Up,https://25livepub.collegenet.com/calendars/25live-woodpec-cal?eventid=1354096149,1354096149,
Dance Net,https://25livepub.collegenet.com/calendars/25live-woodpec-cal?eventid=1350990066,1350990066,
Track and Field - Fritsche,https://25livepub.collegenet.com/calendars/25live-woodpec-cal?eventid=1346585332,1346585332,
PE 167 4 3914,https://25livepub.collegenet.com/calendars/25live-woodpec-cal?eventid=1338681514,1338681514,
PE 285 1 5750,https://25livepub.collegenet.com/calendars/25live-woodpec-cal?eventid=1334160957,1334160957,
WBB Practice,https://25livepub.collegenet.com/calendars/25live-woodpec-cal?eventid=1353099977,1353099977,
MATH 212L 1 3146,https://25livepub.collegenet.com/calendars/25live-woodpec-cal?eventid=1353495986,1353495986,
Rise & Ride (Cecilia),https://25livepub.collegenet.com/calendars/25live-woodpec-cal?eventid=1346500848,1346500848,
Softball Coach CPR,https://25livepub.collegenet.com/calendars/25live-woodpec-cal?eventid=1351870018,1351870018,
PE 161 1 4018,https://25livepub.collegenet.com/calendars/25live-woodpec-cal?eventid=1337683715,1337683715,
PE Tennis,https://25livepub.collegenet.com/calendars/25live-woodpec-cal?eventid=1346728123,1346728123,
PE 167 4 3914,https://25livepub.collegenet.com/calendars/25live-woodpec-cal?eventid=1338681515,1338681515,
OR Meeting,https://25livepub.collegenet.com/calendars/25live-woodpec-cal?eventid=1353450532,1353450532,
CS Cycle & Tri,https://25livepub.collegenet.com/calendars/25live-woodpec-cal?eventid=1345369416,1345369416,
Softball Coach CPR,https://25livepub.collegenet.com/calendars/25live-woodpec-cal?eventid=1351866510,1351866510,
PE 199 1 4005,https://25livepub.collegenet.com/calendars/25live-woodpec-cal?eventid=1321089714,1321089714,
PE Tennis,https://25livepub.collegenet.com/calendars/25live-woodpec-cal?eventid=1346727510,1346727510,
PE 199 2 4023,https://25livepub.collegenet.com/calendars/25live-woodpec-cal?eventid=1321089716,1321089716,
Varsity Softball Practice,https://25livepub.collegenet.com/calendars/25live-woodpec-cal?eventid=1354530597,1354530597,
Swim/Dive Practice,https://25livepub.collegenet.com/calendars/25live-woodpec-cal?eventid=1290411670,1290411670,
DANC 121R 1 3034,https://25livepub.collegenet.com/calendars/25live-woodpec-cal?eventid=1326405091,1326405091,
PE 194 1 3927,https://25livepub.collegenet.com/calendars/25live-woodpec-cal?eventid=1337683718,1337683718,
DANC 121R 1 3034,https://25livepub.collegenet.com/calendars/25live-woodpec-cal?eventid=1326405093,1326405093,
PE 116 1 3888,https://25livepub.collegenet.com/calendars/25live-woodpec-cal?eventid=1337685614,1337685614,
Marketing Office Hours,https://25livepub.collegenet.com/calendars/25live-woodpec-cal?eventid=1353019264,1353019264,
PE 212 1 3939,https://25livepub.collegenet.com/calendars/25live-woodpec-cal?eventid=1337685443,1337685443,
DANC 223R 1 3076,https://25livepub.collegenet.com/calendars/25live-woodpec-cal?eventid=1321090203,1321090203,
PE 212 1 3939,https://25livepub.collegenet.com/calendars/25live-woodpec-cal?eventid=1337685445,1337685445,
DANC 323R 1 3085,https://25livepub.collegenet.com/calendars/25live-woodpec-cal?eventid=1321090212,1321090212,
WERQ (Christy),https://25livepub.collegenet.com/calendars/25live-woodpec-cal?eventid=1346478506,1346478506,
PE 192 1 3925,https://25livepub.collegenet.com/calendars/25live-woodpec-cal?eventid=1337685507,1337685507,
PE 162 1 3903,https://25livepub.collegenet.com/calendars/25live-woodpec-cal?eventid=1337684326,1337684326,
PE 192 1 3925,https://25livepub.collegenet.com/calendars/25live-woodpec-cal?eventid=1337685508,1337685508,
OR Meeting,https://25livepub.collegenet.com/calendars/25live-woodpec-cal?eventid=1354750708,1354750708,
RecWell Team Meeting,https://25livepub.collegenet.com/calendars/25live-woodpec-cal?eventid=1352395222,1352395222,
DANC 323R 1 3085,https://25livepub.collegenet.com/calendars/25live-woodpec-cal?eventid=1321090204,1321090204,
PE 164 1 3905,https://25livepub.collegenet.com/calendars/25live-woodpec-cal?eventid=1337684330,1337684330,
Barre Sculpt (Avery),https://25livepub.collegenet.com/calendars/25live-woodpec-cal?eventid=1346501640,1346501640,
PE 164 1 3905,https://25livepub.collegenet.com/calendars/25live-woodpec-cal?eventid=1337684323,1337684323,
PE 167 3 3912,https://25livepub.collegenet.com/calendars/25live-woodpec-cal?eventid=1337684327,1337684327,
SSDC Meeting,https://25livepub.collegenet.com/calendars/25live-woodpec-cal?eventid=1353892541,1353892541,
EDC Rehearsals,https://25livepub.collegenet.com/calendars/25live-woodpec-cal?eventid=1353014086,1353014086,
PE 116 1 3888,https://25livepub.collegenet.com/calendars/25live-woodpec-cal?eventid=1337685612,1337685612,
HIIT Remix (Tani),https://25livepub.collegenet.com/calendars/25live-woodpec-cal?eventid=1346500489,1346500489,
PE 116 1 3888,https://25livepub.collegenet.com/calendars/25live-woodpec-cal?eventid=1337685613,1337685613,
GF Meeting,https://25livepub.collegenet.com/calendars/25live-woodpec-cal?eventid=1353666577,1353666577,
DANC 121R 2 3035,https://25livepub.collegenet.com/calendars/25live-woodpec-cal?eventid=1326405092,1326405092,
Softball Meeting,https://25livepub.collegenet.com/calendars/25live-woodpec-cal?eventid=1353511578,1353511578,
DANC 121R 2 3035,https://25livepub.collegenet.com/calendars/25live-woodpec-cal?eventid=1326405094,1326405094,
OR Meeting,https://25livepub.collegenet.com/calendars/25live-woodpec-cal?eventid=1354750709,1354750709,
PE 167 5 3915,https://25livepub.collegenet.com/calendars/25live-woodpec-cal?eventid=1337684324,1337684324,
DANC 222R 1 3075,https://25livepub.collegenet.com/calendars/25live-woodpec-cal?eventid=1354467054,1354467054,
PE 167 5 3915,https://25livepub.collegenet.com/calendars/25live-woodpec-cal?eventid=1337684331,1337684331,
Track Practice,https://25livepub.collegenet.com/calendars/25live-woodpec-cal?eventid=1353361320,1353361320,
PE 167 1 3907,https://25livepub.collegenet.com/calendars/25live-woodpec-cal?eventid=1337683716,1337683716,
A&R Leadership - Price Carter,https://25livepub.collegenet.com/calendars/25live-woodpec-cal?eventid=1353509335,1353509335,
PE 167 1 3907,https://25livepub.collegenet.com/calendars/25live-woodpec-cal?eventid=1337683721,1337683721,
Swim/Dive Practice,https://25livepub.collegenet.com/calendars/25live-woodpec-cal?eventid=1290411675,1290411675,
DANC 123R 1 3037,https://25livepub.collegenet.com/calendars/25live-woodpec-cal?eventid=1344090360,1344090360,
PE 167 2 3911,https://25livepub.collegenet.com/calendars/25live-woodpec-cal?eventid=1337684328,1337684328,
DANC 123R 1 3037,https://25livepub.collegenet.com/calendars/25live-woodpec-cal?eventid=1344090361,1344090361,
CS Emory Ultimate,https://25livepub.collegenet.com/calendars/25live-woodpec-cal?eventid=1342979766,1342979766,
PE 112 1 3063,https://25livepub.collegenet.com/calendars/25live-woodpec-cal?eventid=1337685444,1337685444,
Swim/Dive Practice,https://25livepub.collegenet.com/calendars/25live-woodpec-cal?eventid=1290434093,1290434093,
PE 112 1 3063,https://25livepub.collegenet.com/calendars/25live-woodpec-cal?eventid=1337685446,1337685446,
WTEN Cap Practice,https://25livepub.collegenet.com/calendars/25live-woodpec-cal?eventid=1350765546,1350765546,
Fitness Team Meeting,https://25livepub.collegenet.com/calendars/25live-woodpec-cal?eventid=1353450530,1353450530,
PE 189 1 3918,https://25livepub.collegenet.com/calendars/25live-woodpec-cal?eventid=1337683719,1337683719,
PE 130 1 3889,https://25livepub.collegenet.com/calendars/25live-woodpec-cal?eventid=1337684332,1337684332,
Power Flow Yoga (Caroline),https://25livepub.collegenet.com/calendars/25live-woodpec-cal?eventid=1346500492,1346500492,
PE 130 1 3889,https://25livepub.collegenet.com/calendars/25live-woodpec-cal?eventid=1337684325,1337684325,
DANC 150R 1 3043,https://25livepub.collegenet.com/calendars/25live-woodpec-cal?eventid=1344802497,1344802497,
Athletics PLG,https://25livepub.collegenet.com/calendars/25live-woodpec-cal?eventid=1334726513,1334726513,
Lift & Burn (Morgan),https://25livepub.collegenet.com/calendars/25live-woodpec-cal?eventid=1346501641,1346501641,
PE 194 2 3933,https://25livepub.collegenet.com/calendars/25live-woodpec-cal?eventid=1337683717,1337683717,
Track Practice,https://25livepub.collegenet.com/calendars/25live-woodpec-cal?eventid=1353361318,1353361318,
PE 194 2 3933,https://25livepub.collegenet.com/calendars/25live-woodpec-cal?eventid=1337683722,1337683722,
CS Badminton,https://25livepub.collegenet.com/calendars/25live-woodpec-cal?eventid=1342980022,1342980022,
Swim/Dive Practice,https://25livepub.collegenet.com/calendars/25live-woodpec-cal?eventid=1290434092,1290434092,
CSIM Meeting,https://25livepub.collegenet.com/calendars/25live-woodpec-cal?eventid=1353509336,1353509336,
Swim/Dive Practice,https://25livepub.collegenet.com/calendars/25live-woodpec-cal?eventid=1290434094,1290434094,
CS Women's Volleyball,https://25livepub.collegenet.com/calendars/25live-woodpec-cal?eventid=1342980023,1342980023,
Track Practice,https://25livepub.collegenet.com/calendars/25live-woodpec-cal?eventid=1353361317,1353361317,
Marketing Office Hours,https://25livepub.collegenet.com/calendars/25live-woodpec-cal?eventid=1353019265,1353019265,
Track Practice,https://25livepub.collegenet.com/calendars/25live-woodpec-cal?eventid=1353361319,1353361319,
Women's Soccer Practice,https://25livepub.collegenet.com/calendars/25live-woodpec-cal?eventid=1352490700,1352490700,
PE 191 1 3921,https://25livepub.collegenet.com/calendars/25live-woodpec-cal?eventid=1338253161,1338253161,
WTEN Cap Practice,https://25livepub.collegenet.com/calendars/25live-woodpec-cal?eventid=1350765545,1350765545,
WTEN Cap Practice,https://25livepub.collegenet.com/calendars/25live-woodpec-cal?eventid=1350765543,1350765543,
PE 296 1 4026,https://25livepub.collegenet.com/calendars/25live-woodpec-cal?eventid=1337687443,1337687443,
DANC 491R 1 3100,https://25livepub.collegenet.com/calendars/25live-woodpec-cal?eventid=1321090211,1321090211,
DANC 491R 1 3100,https://25livepub.collegenet.com/calendars/25live-woodpec-cal?eventid=1321090202,1321090202,
WTEN Cap Practice,https://25livepub.collegenet.com/calendars/25live-woodpec-cal?eventid=1350765544,1350765544,
Align & Flow Yoga (Stacy),https://25livepub.collegenet.com/calendars/25live-woodpec-cal?eventid=1346500491,1346500491,
Vinyasa Flow (Maggie),https://25livepub.collegenet.com/calendars/25live-woodpec-cal?eventid=1346500487,1346500487,
Lift & Burn (Morgan),https://25livepub.collegenet.com/calendars/25live-woodpec-cal?eventid=1346501635,1346501635,
CS Men's Soccer,https://25livepub.collegenet.com/calendars/25live-woodpec-cal?eventid=1342979763,1342979763,
CS Men's Soccer,https://25livepub.collegenet.com/calendars/25live-woodpec-cal?eventid=1342979759,1342979759,
EDC Rehearsals,https://25livepub.collegenet.com/calendars/25live-woodpec-cal?eventid=1353014084,1353014084,
PM Pedal (Lauren),https://25livepub.collegenet.com/calendars/25live-woodpec-cal?eventid=1346500847,1346500847,
WBB Practice,https://25livepub.collegenet.com/calendars/25live-woodpec-cal?eventid=1353099974,1353099974,
WBB Practice,https://25livepub.collegenet.com/calendars/25live-woodpec-cal?eventid=1353099976,1353099976,
WERQ (Tina),https://25livepub.collegenet.com/calendars/25live-woodpec-cal?eventid=1346501638,1346501638,
Total Body Burn (Amanda),https://25livepub.collegenet.com/calendars/25live-woodpec-cal?eventid=1346478507,1346478507,
OR Meeting,https://25livepub.collegenet.com/calendars/25live-woodpec-cal?eventid=1353450531,1353450531,
CS Emory Ultimate,https://25livepub.collegenet.com/calendars/25live-woodpec-cal?eventid=1342979764,1342979764,
SILT - First Snow,https://25livepub.collegenet.com/calendars/25live-woodpec-cal?eventid=1337161333,1337161333,
Barre Sculpt (Avery),https://25livepub.collegenet.com/calendars/25live-woodpec-cal?eventid=1346501636,1346501636,
CS Water Polo,https://25livepub.collegenet.com/calendars/25live-woodpec-cal?eventid=1345369415,1345369415,
CS Emory Ultimate,https://25livepub.collegenet.com/calendars/25live-woodpec-cal?eventid=1342979760,1342979760,
Tae Kwon Do (John),https://25livepub.collegenet.com/calendars/25live-woodpec-cal?eventid=1346501637,1346501637,
Total Body Burn (Amanda),https://25livepub.collegenet.com/calendars/25live-woodpec-cal?eventid=1346501639,1346501639,
CS Women's Soccer,https://25livepub.collegenet.com/calendars/25live-woodpec-cal?eventid=1342979761,1342979761,
CS Judo,https://25livepub.collegenet.com/calendars/25live-woodpec-cal?eventid=1343069301,1343069301,
CS BJJ,https://25livepub.collegenet.com/calendars/25live-woodpec-cal?eventid=1343069302,1343069302,
IM Supervisor Training,https://25livepub.collegenet.com/calendars/25live-woodpec-cal?eventid=1342937592,1342937592,
CS Men's Ultimate,https://25livepub.collegenet.com/calendars/25live-woodpec-cal?eventid=1352988250,1352988250,
CS Women's Soccer,https://25livepub.collegenet.com/calendars/25live-woodpec-cal?eventid=1342979765,1342979765,
CS Tennis,https://25livepub.collegenet.com/calendars/25live-woodpec-cal?eventid=1343069991,1343069991,
CS Women's Basketball,https://25livepub.collegenet.com/calendars/25live-woodpec-cal?eventid=1345356736,1345356736,
CS Emory Ultimate,https://25livepub.collegenet.com/calendars/25live-woodpec-cal?eventid=1354111512,1354111512,
CS Badminton,https://25livepub.collegenet.com/calendars/25live-woodpec-cal?eventid=1342980016,1342980016,
IM Scrimmage,https://25livepub.collegenet.com/calendars/25live-woodpec-cal?eventid=1342980015,1342980015,
CS Emory Ultimate,https://25livepub.collegenet.com/calendars/25live-woodpec-cal?eventid=1354535084,1354535084,
CS Fencing,https://25livepub.collegenet.com/calendars/25live-woodpec-cal?eventid=1345360304,1345360304,
CS Tennis,https://25livepub.collegenet.com/calendars/25live-woodpec-cal?eventid=1343069992,1343069992,
CS Tennis,https://25livepub.collegenet.com/calendars/25live-woodpec-cal?eventid=1343069993,1343069993,
Saraas Practice,https://25livepub.collegenet.com/calendars/25live-woodpec-cal?eventid=1347803558,1347803558,
CS Women's Volleyball,https://25livepub.collegenet.com/calendars/25live-woodpec-cal?eventid=1342980019,1342980019,
CS Badminton,https://25livepub.collegenet.com/calendars/25live-woodpec-cal?eventid=1342980020,1342980020,
CS Men's Volleyball,https://25livepub.collegenet.com/calendars/25live-woodpec-cal?eventid=1342980018,1342980018,
CS Fencing,https://25livepub.collegenet.com/calendars/25live-woodpec-cal?eventid=1342980021,1342980021,
Agnition Competition Practice,https://25livepub.collegenet.com/calendars/25live-woodpec-cal?eventid=1351038450,1351038450,
EDC Rehearsals,https://25livepub.collegenet.com/calendars/25live-woodpec-cal?eventid=1353014085,1353014085,
CS Baseball,https://25livepub.collegenet.com/calendars/25live-woodpec-cal?eventid=1342979762,1342979762,
Saraas Practice,https://25livepub.collegenet.com/calendars/25live-woodpec-cal?eventid=1347803559,1347803559,
IM Scrimmage,https://25livepub.collegenet.com/calendars/25live-woodpec-cal?eventid=1342978027,1342978027,
Dance Net,https://25livepub.collegenet.com/calendars/25live-woodpec-cal?eventid=1350990067,1350990067,
Swim/Dive Practice,https://25livepub.collegenet.com/calendars/25live-woodpec-cal?eventid=1290411676,1290411676,
Swim/Dive Practice,https://25livepub.collegenet.com/calendars/25live-woodpec-cal?eventid=1290411678,1290411678,
Swim/Dive Practice,https://25livepub.collegenet.com/calendars/25live-woodpec-cal?eventid=1290411679,1290411679,
Swim/Dive Practice,https://25livepub.collegenet.com/calendars/25live-woodpec-cal?eventid=1290411680,1290411680,
Swim/Dive Practice,https://25livepub.collegenet.com/calendars/25live-woodpec-cal?eventid=1290411681,1290411681,
Swim/Dive Practice,https://25livepub.collegenet.com/calendars/25live-woodpec-cal?eventid=1290434099,1290434099,
WTEN Cap Practice,https://25livepub.collegenet.com/calendars/25live-woodpec-cal?eventid=1350765547,1350765547,
Track & Field Practice,https://25livepub.collegenet.com/calendars/25live-woodpec-cal?eventid=1345033078,1345033078,
Stretch & Restore (Maki),https://25livepub.collegenet.com/calendars/25live-woodpec-cal?eventid=1346500494,1346500494,
Sunrise Yoga (Savvy),https://25livepub.collegenet.com/calendars/25live-woodpec-cal?eventid=1346500496,1346500496,
Stretch & Restore (Maki),https://25livepub.collegenet.com/calendars/25live-woodpec-cal?eventid=1346500498,1346500498,
Track & Field Practice,https://25livepub.collegenet.com/calendars/25live-woodpec-cal?eventid=1345033082,1345033082,
WTEN Team Meeting,https://25livepub.collegenet.com/calendars/25live-woodpec-cal?eventid=1351398698,1351398698,
Varsity Softball Meeting,https://25livepub.collegenet.com/calendars/25live-woodpec-cal?eventid=1354535085,1354535085,
MTEN Practice,https://25livepub.collegenet.com/calendars/25live-woodpec-cal?eventid=1342664839,1342664839,
Rise & Ride (Lauren),https://25livepub.collegenet.com/calendars/25live-woodpec-cal?eventid=1346500849,1346500849,
Rise & Ride (Cecilia),https://25livepub.collegenet.com/calendars/25live-woodpec-cal?eventid=1346437052,1346437052,
Track & Field Practice,https://25livepub.collegenet.com/calendars/25live-woodpec-cal?eventid=1345033081,1345033081,
WBB Shootaround,https://25livepub.collegenet.com/calendars/25live-woodpec-cal?eventid=1355309628,1355309628,
Varsity Softball Practice,https://25livepub.collegenet.com/calendars/25live-woodpec-cal?eventid=1355517602,1355517602,
Dance Net,https://25livepub.collegenet.com/calendars/25live-woodpec-cal?eventid=1353019974,1353019974,
MTEN Practice,https://25livepub.collegenet.com/calendars/25live-woodpec-cal?eventid=1342664713,1342664713,
Track & Field Practice,https://25livepub.collegenet.com/calendars/25live-woodpec-cal?eventid=1345033079,1345033079,
Track & Field Practice,https://25livepub.collegenet.com/calendars/25live-woodpec-cal?eventid=1345033080,1345033080,
PE 167 4 3914,https://25livepub.collegenet.com/calendars/25live-woodpec-cal?eventid=1338681517,1338681517,
Dance Class Warm Up,https://25livepub.collegenet.com/calendars/25live-woodpec-cal?eventid=1354096150,1354096150,
Dance Net,https://25livepub.collegenet.com/calendars/25live-woodpec-cal?eventid=1350990068,1350990068,
Varsity Softball Practice,https://25livepub.collegenet.com/calendars/25live-woodpec-cal?eventid=1354530598,1354530598,
Track Practice,https://25livepub.collegenet.com/calendars/25live-woodpec-cal?eventid=1353361321,1353361321,
PE 167 4 3914,https://25livepub.collegenet.com/calendars/25live-woodpec-cal?eventid=1338681516,1338681516,
PE 285 1 5750,https://25livepub.collegenet.com/calendars/25live-woodpec-cal?eventid=1334160958,1334160958,
PE 199 2 4023,https://25livepub.collegenet.com/calendars/25live-woodpec-cal?eventid=1321089719,1321089719,
MATH 212L 1 3146,https://25livepub.collegenet.com/calendars/25live-woodpec-cal?eventid=1353495987,1353495987,
Dance Net,https://25livepub.collegenet.com/calendars/25live-woodpec-cal?eventid=1350990069,1350990069,
EDC Rehearsals,https://25livepub.collegenet.com/calendars/25live-woodpec-cal?eventid=1353014087,1353014087,
Swim/Dive Practice,https://25livepub.collegenet.com/calendars/25live-woodpec-cal?eventid=1290411677,1290411677,
PE 161 1 4018,https://25livepub.collegenet.com/calendars/25live-woodpec-cal?eventid=1337683723,1337683723,
PE Tennis,https://25livepub.collegenet.com/calendars/25live-woodpec-cal?eventid=1346728124,1346728124,
DANC 121R 1 3034,https://25livepub.collegenet.com/calendars/25live-woodpec-cal?eventid=1326405097,1326405097,
CWRU Shootaround,https://25livepub.collegenet.com/calendars/25live-woodpec-cal?eventid=1353670697,1353670697,
WTEN Practice,https://25livepub.collegenet.com/calendars/25live-woodpec-cal?eventid=1342408552,1342408552,
CS Water Polo,https://25livepub.collegenet.com/calendars/25live-woodpec-cal?eventid=1345369417,1345369417,
Marketing Office Hours,https://25livepub.collegenet.com/calendars/25live-woodpec-cal?eventid=1353019266,1353019266,
PE 199 1 4005,https://25livepub.collegenet.com/calendars/25live-woodpec-cal?eventid=1321089717,1321089717,
PE Tennis,https://25livepub.collegenet.com/calendars/25live-woodpec-cal?eventid=1346727511,1346727511,
PE 212 1 3939,https://25livepub.collegenet.com/calendars/25live-woodpec-cal?eventid=1337685449,1337685449,
PE 116 1 3888,https://25livepub.collegenet.com/calendars/25live-woodpec-cal?eventid=1337685617,1337685617,
MBB Practice,https://25livepub.collegenet.com/calendars/25live-woodpec-cal?eventid=1351501456,1351501456,
Saraas Practice,https://25livepub.collegenet.com/calendars/25live-woodpec-cal?eventid=1347803560,1347803560,
MBB Practice,https://25livepub.collegenet.com/calendars/25live-woodpec-cal?eventid=1353099978,1353099978,
DANC 121R 1 3034,https://25livepub.collegenet.com/calendars/25live-woodpec-cal?eventid=1326405095,1326405095,
PE 194 1 3927,https://25livepub.collegenet.com/calendars/25live-woodpec-cal?eventid=1337683726,1337683726,
PE 192 1 3925,https://25livepub.collegenet.com/calendars/25live-woodpec-cal?eventid=1337685510,1337685510,
DANC 323R 1 3085,https://25livepub.collegenet.com/calendars/25live-woodpec-cal?eventid=1321090227,1321090227,
MTEN Meeting,https://25livepub.collegenet.com/calendars/25live-woodpec-cal?eventid=1357156210,1357156210,
CS Men's Volleyball,https://25livepub.collegenet.com/calendars/25live-woodpec-cal?eventid=1342980024,1342980024,
PE 212 1 3939,https://25livepub.collegenet.com/calendars/25live-woodpec-cal?eventid=1337685447,1337685447,
Coaches Meeting - JJ,https://25livepub.collegenet.com/calendars/25live-woodpec-cal?eventid=1351873423,1351873423,
PE 164 1 3905,https://25livepub.collegenet.com/calendars/25live-woodpec-cal?eventid=1337684341,1337684341,
Barre Sculpt (Avery),https://25livepub.collegenet.com/calendars/25live-woodpec-cal?eventid=1346501647,1346501647,
MTEN Meeting,https://25livepub.collegenet.com/calendars/25live-woodpec-cal?eventid=1357156164,1357156164,
CS Judo,https://25livepub.collegenet.com/calendars/25live-woodpec-cal?eventid=1346629978,1346629978,
Weekly Events Meeting,https://25livepub.collegenet.com/calendars/25live-woodpec-cal?eventid=1355305785,1355305785,
DANC 223R 1 3076,https://25livepub.collegenet.com/calendars/25live-woodpec-cal?eventid=1321090218,1321090218,
Recreation & Alumni meeting,https://25livepub.collegenet.com/calendars/25live-woodpec-cal?eventid=1356475035,1356475035,
EDC Rehearsals,https://25livepub.collegenet.com/calendars/25live-woodpec-cal?eventid=1353014090,1353014090,
Swim/Dive v Centre,https://25livepub.collegenet.com/calendars/25live-woodpec-cal?eventid=1290411683,1290411683,
PE 192 1 3925,https://25livepub.collegenet.com/calendars/25live-woodpec-cal?eventid=1337685509,1337685509,
PE 162 1 3903,https://25livepub.collegenet.com/calendars/25live-woodpec-cal?eventid=1337684337,1337684337,
PE 116 1 3888,https://25livepub.collegenet.com/calendars/25live-woodpec-cal?eventid=1337685616,1337685616,
MTEN Practice,https://25livepub.collegenet.com/calendars/25live-woodpec-cal?eventid=1342664843,1342664843,
WBB Practice,https://25livepub.collegenet.com/calendars/25live-woodpec-cal?eventid=1351501457,1351501457,
RecWell Team Meeting,https://25livepub.collegenet.com/calendars/25live-woodpec-cal?eventid=1352395223,1352395223,
DANC 323R 1 3085,https://25livepub.collegenet.com/calendars/25live-woodpec-cal?eventid=1321090219,1321090219,
DANC 121R 2 3035,https://25livepub.collegenet.com/calendars/25live-woodpec-cal?eventid=1326405098,1326405098,
MTEN Practice,https://25livepub.collegenet.com/calendars/25live-woodpec-cal?eventid=1342664717,1342664717,
EDC Auditions,https://25livepub.collegenet.com/calendars/25live-woodpec-cal?eventid=1350990070,1350990070,
PE 164 1 3905,https://25livepub.collegenet.com/calendars/25live-woodpec-cal?eventid=1337684334,1337684334,
PE 167 3 3912,https://25livepub.collegenet.com/calendars/25live-woodpec-cal?eventid=1337684338,1337684338,
PE 167 5 3915,https://25livepub.collegenet.com/calendars/25live-woodpec-cal?eventid=1337684342,1337684342,
Track Practice,https://25livepub.collegenet.com/calendars/25live-woodpec-cal?eventid=1353361325,1353361325,
CS BJJ,https://25livepub.collegenet.com/calendars/25live-woodpec-cal?eventid=1343069309,1343069309,
PE 116 1 3888,https://25livepub.collegenet.com/calendars/25live-woodpec-cal?eventid=1337685615,1337685615,
HIIT Remix (Tani),https://25livepub.collegenet.com/calendars/25live-woodpec-cal?eventid=1346500497,1346500497,
GA Meeting,https://25livepub.collegenet.com/calendars/25live-woodpec-cal?eventid=1355648514,1355648514,
Swim/Dive Practice,https://25livepub.collegenet.com/calendars/25live-woodpec-cal?eventid=1290411682,1290411682,
CS Cycle & Tri,https://25livepub.collegenet.com/calendars/25live-woodpec-cal?eventid=1345369419,1345369419,
DANC 121R 2 3035,https://25livepub.collegenet.com/calendars/25live-woodpec-cal?eventid=1326405096,1326405096,
DANC 222R 1 3075,https://25livepub.collegenet.com/calendars/25live-woodpec-cal?eventid=1354467055,1354467055,
PE 167 1 3907,https://25livepub.collegenet.com/calendars/25live-woodpec-cal?eventid=1337683729,1337683729,
MTEN Meeting,https://25livepub.collegenet.com/calendars/25live-woodpec-cal?eventid=1355003696,1355003696,
PE 167 5 3915,https://25livepub.collegenet.com/calendars/25live-woodpec-cal?eventid=1337684335,1337684335,
A&R Leadership - Price Carter,https://25livepub.collegenet.com/calendars/25live-woodpec-cal?eventid=1353509337,1353509337,
DANC 123R 1 3037,https://25livepub.collegenet.com/calendars/25live-woodpec-cal?eventid=1344090363,1344090363,
Eagle Edge Hidden Opponent Meeting,https://25livepub.collegenet.com/calendars/25live-woodpec-cal?eventid=1355519810,1355519810,
CSIM Meeting,https://25livepub.collegenet.com/calendars/25live-woodpec-cal?eventid=1354348373,1354348373,
PE 167 2 3911,https://25livepub.collegenet.com/calendars/25live-woodpec-cal?eventid=1337684339,1337684339,
PE 112 1 3063,https://25livepub.collegenet.com/calendars/25live-woodpec-cal?eventid=1337685450,1337685450,
WTEN Cap Practice,https://25livepub.collegenet.com/calendars/25live-woodpec-cal?eventid=1350765551,1350765551,
WTEN Sports Perf Meeting,https://25livepub.collegenet.com/calendars/25live-woodpec-cal?eventid=1355648513,1355648513,
Swim/Dive Practice,https://25livepub.collegenet.com/calendars/25live-woodpec-cal?eventid=1290434097,1290434097,
PE 130 1 3889,https://25livepub.collegenet.com/calendars/25live-woodpec-cal?eventid=1337684343,1337684343,
Power Flow Yoga (Caroline),https://25livepub.collegenet.com/calendars/25live-woodpec-cal?eventid=1346500500,1346500500,
PE 167 1 3907,https://25livepub.collegenet.com/calendars/25live-woodpec-cal?eventid=1337683724,1337683724,
PE 189 1 3918,https://25livepub.collegenet.com/calendars/25live-woodpec-cal?eventid=1337683727,1337683727,
Athletics PLG,https://25livepub.collegenet.com/calendars/25live-woodpec-cal?eventid=1334726514,1334726514,
Lift & Burn (Morgan),https://25livepub.collegenet.com/calendars/25live-woodpec-cal?eventid=1346501648,1346501648,
DANC 123R 1 3037,https://25livepub.collegenet.com/calendars/25live-woodpec-cal?eventid=1344090362,1344090362,
DANC 150R 1 3043,https://25livepub.collegenet.com/calendars/25live-woodpec-cal?eventid=1344802498,1344802498,
PE 194 2 3933,https://25livepub.collegenet.com/calendars/25live-woodpec-cal?eventid=1337683730,1337683730,
WBB Pregame Meal,https://25livepub.collegenet.com/calendars/25live-woodpec-cal?eventid=1336281930,1336281930,
PE 112 1 3063,https://25livepub.collegenet.com/calendars/25live-woodpec-cal?eventid=1337685448,1337685448,
MTEN Practice,https://25livepub.collegenet.com/calendars/25live-woodpec-cal?eventid=1342664841,1342664841,
Swim/Dive Practice,https://25livepub.collegenet.com/calendars/25live-woodpec-cal?eventid=1290434098,1290434098,
WBB Pregame Meal,https://25livepub.collegenet.com/calendars/25live-woodpec-cal?eventid=1338630752,1338630752,
PE 130 1 3889,https://25livepub.collegenet.com/calendars/25live-woodpec-cal?eventid=1337684336,1337684336,
MTEN Practice,https://25livepub.collegenet.com/calendars/25live-woodpec-cal?eventid=1342664715,1342664715,
Track Practice,https://25livepub.collegenet.com/calendars/25live-woodpec-cal?eventid=1353361324,1353361324,
WBB v Case,https://25livepub.collegenet.com/calendars/25live-woodpec-cal?eventid=1292105742,1292105742,
PE 194 2 3933,https://25livepub.collegenet.com/calendars/25live-woodpec-cal?eventid=1337683725,1337683725,
Track Practice,https://25livepub.collegenet.com/calendars/25live-woodpec-cal?eventid=1353361323,1353361323,
WBB Film,https://25livepub.collegenet.com/calendars/25live-woodpec-cal?eventid=1356681134,1356681134,
UAA MBB Social,https://25livepub.collegenet.com/calendars/25live-woodpec-cal?eventid=1355648515,1355648515,
Swim/Dive Practice,https://25livepub.collegenet.com/calendars/25live-woodpec-cal?eventid=1290434096,1290434096,
Marketing Office Hours,https://25livepub.collegenet.com/calendars/25live-woodpec-cal?eventid=1353019267,1353019267,
WTEN Cap Practice,https://25livepub.collegenet.com/calendars/25live-woodpec-cal?eventid=1350765550,1350765550,
CS Badminton,https://25livepub.collegenet.com/calendars/25live-woodpec-cal?eventid=1342980031,1342980031,
Track Practice,https://25livepub.collegenet.com/calendars/25live-woodpec-cal?eventid=1353361322,1353361322,
PE 191 1 3921,https://25livepub.collegenet.com/calendars/25live-woodpec-cal?eventid=1338253162,1338253162,
Mental Health Coach - MTEN,https://25livepub.collegenet.com/calendars/25live-woodpec-cal?eventid=1355727908,1355727908,
Ballroom Dance Auditions,https://25livepub.collegenet.com/calendars/25live-woodpec-cal?eventid=1354329211,1354329211,
WTEN Cap Practice,https://25livepub.collegenet.com/calendars/25live-woodpec-cal?eventid=1350765548,1350765548,
PE 296 1 4026,https://25livepub.collegenet.com/calendars/25live-woodpec-cal?eventid=1337687444,1337687444,
Track and Field - Fritsche,https://25livepub.collegenet.com/calendars/25live-woodpec-cal?eventid=1346585333,1346585333,
CPR Class,https://25livepub.collegenet.com/calendars/25live-woodpec-cal?eventid=1354323097,1354323097,
WTEN Cap Practice,https://25livepub.collegenet.com/calendars/25live-woodpec-cal?eventid=1350765549,1350765549,
Track and Field Practice,https://25livepub.collegenet.com/calendars/25live-woodpec-cal?eventid=1355648087,1355648087,
DANC 491R 1 3100,https://25livepub.collegenet.com/calendars/25live-woodpec-cal?eventid=1321090217,1321090217,
Lift & Burn (Morgan),https://25livepub.collegenet.com/calendars/25live-woodpec-cal?eventid=1346501642,1346501642,
Track and Field Practice,https://25livepub.collegenet.com/calendars/25live-woodpec-cal?eventid=1355648090,1355648090,
MTEN Practice,https://25livepub.collegenet.com/calendars/25live-woodpec-cal?eventid=1342664840,1342664840,
CS Roundnet,https://25livepub.collegenet.com/calendars/25live-woodpec-cal?eventid=1355806337,1355806337,
DANC 491R 1 3100,https://25livepub.collegenet.com/calendars/25live-woodpec-cal?eventid=1321090226,1321090226,
MTEN Practice,https://25livepub.collegenet.com/calendars/25live-woodpec-cal?eventid=1342664714,1342664714,
EDC Rehearsals,https://25livepub.collegenet.com/calendars/25live-woodpec-cal?eventid=1353014088,1353014088,
Align & Flow Yoga (Stacy),https://25livepub.collegenet.com/calendars/25live-woodpec-cal?eventid=1346500499,1346500499,
Vinyasa Flow (Maggie),https://25livepub.collegenet.com/calendars/25live-woodpec-cal?eventid=1346500495,1346500495,
WBB Practice,https://25livepub.collegenet.com/calendars/25live-woodpec-cal?eventid=1353099981,1353099981,
MTEN Practice,https://25livepub.collegenet.com/calendars/25live-woodpec-cal?eventid=1342664842,1342664842,
CS Men's Soccer,https://25livepub.collegenet.com/calendars/25live-woodpec-cal?eventid=1343070547,1343070547,
OE Meetings,https://25livepub.collegenet.com/calendars/25live-woodpec-cal?eventid=1354959510,1354959510,
MTEN Practice,https://25livepub.collegenet.com/calendars/25live-woodpec-cal?eventid=1342664716,1342664716,
WBB Practice,https://25livepub.collegenet.com/calendars/25live-woodpec-cal?eventid=1353099979,1353099979,
CS Men's LAX,https://25livepub.collegenet.com/calendars/25live-woodpec-cal?eventid=1342979771,1342979771,
Pop-Up Classes,https://25livepub.collegenet.com/calendars/25live-woodpec-cal?eventid=1346749472,1346749472,
Total Body Burn (Amanda),https://25livepub.collegenet.com/calendars/25live-woodpec-cal?eventid=1346478508,1346478508,
Tae Kwon Do (John),https://25livepub.collegenet.com/calendars/25live-woodpec-cal?eventid=1346501644,1346501644,
PM Pedal (Lauren),https://25livepub.collegenet.com/calendars/25live-woodpec-cal?eventid=1346500850,1346500850,
Strength & Conditioning,https://25livepub.collegenet.com/calendars/25live-woodpec-cal?eventid=1355648086,1355648086,
CS Judo,https://25livepub.collegenet.com/calendars/25live-woodpec-cal?eventid=1346629979,1346629979,
WBB Practice,https://25livepub.collegenet.com/calendars/25live-woodpec-cal?eventid=1353099983,1353099983,
Strength & Conditioning,https://25livepub.collegenet.com/calendars/25live-woodpec-cal?eventid=1355648089,1355648089,
CS Men's Ultimate,https://25livepub.collegenet.com/calendars/25live-woodpec-cal?eventid=1342979772,1342979772,
WERQ (Tina),https://25livepub.collegenet.com/calendars/25live-woodpec-cal?eventid=1346501645,1346501645,
CS Emory Ultimate,https://25livepub.collegenet.com/calendars/25live-woodpec-cal?eventid=1343070548,1343070548,
CS Women's Basketball,https://25livepub.collegenet.com/calendars/25live-woodpec-cal?eventid=1345356737,1345356737,
Strength & Conditioning,https://25livepub.collegenet.com/calendars/25live-woodpec-cal?eventid=1355648088,1355648088,
CS Women's Soccer,https://25livepub.collegenet.com/calendars/25live-woodpec-cal?eventid=1342979770,1342979770,
IM 5v5 Basketball Training,https://25livepub.collegenet.com/calendars/25live-woodpec-cal?eventid=1342937211,1342937211,
Strength & Conditioning,https://25livepub.collegenet.com/calendars/25live-woodpec-cal?eventid=1355648091,1355648091,
IM 5v5 Basketball Training,https://25livepub.collegenet.com/calendars/25live-woodpec-cal?eventid=1342937593,1342937593,
CS Tennis,https://25livepub.collegenet.com/calendars/25live-woodpec-cal?eventid=1343069995,1343069995,
CS Water Polo,https://25livepub.collegenet.com/calendars/25live-woodpec-cal?eventid=1345369418,1345369418,
CS Tennis,https://25livepub.collegenet.com/calendars/25live-woodpec-cal?eventid=1343069994,1343069994,
CS Swimming,https://25livepub.collegenet.com/calendars/25live-woodpec-cal?eventid=1343066430,1343066430,
Total Body Burn (Amanda),https://25livepub.collegenet.com/calendars/25live-woodpec-cal?eventid=1346501646,1346501646,
Pre-Trip Meeting (OR),https://25livepub.collegenet.com/calendars/25live-woodpec-cal?eventid=1343384189,1343384189,
CS Women's Volleyball,https://25livepub.collegenet.com/calendars/25live-woodpec-cal?eventid=1342980028,1342980028,
CS BJJ,https://25livepub.collegenet.com/calendars/25live-woodpec-cal?eventid=1343069307,1343069307,
CS Badminton,https://25livepub.collegenet.com/calendars/25live-woodpec-cal?eventid=1342980025,1342980025,
CS Men's Volleyball,https://25livepub.collegenet.com/calendars/25live-woodpec-cal?eventid=1342980027,1342980027,
IM 5v5 Basketball Training,https://25livepub.collegenet.com/calendars/25live-woodpec-cal?eventid=1342937212,1342937212,
CS Fencing,https://25livepub.collegenet.com/calendars/25live-woodpec-cal?eventid=1342980026,1342980026,
CS Baseball,https://25livepub.collegenet.com/calendars/25live-woodpec-cal?eventid=1342979773,1342979773,
CS Emory Ultimate,https://25livepub.collegenet.com/calendars/25live-woodpec-cal?eventid=1356587339,1356587339,
Pre Trip Meeting,https://25livepub.collegenet.com/calendars/25live-woodpec-cal?eventid=1343383881,1343383881,
CS Tennis,https://25livepub.collegenet.com/calendars/25live-woodpec-cal?eventid=1343069996,1343069996,
Agnition Competition Practice,https://25livepub.collegenet.com/calendars/25live-woodpec-cal?eventid=1351038451,1351038451,
CS Swimming,https://25livepub.collegenet.com/calendars/25live-woodpec-cal?eventid=1343066431,1343066431,
CS Badminton,https://25livepub.collegenet.com/calendars/25live-woodpec-cal?eventid=1342980030,1342980030,
CS Emory Ultimate,https://25livepub.collegenet.com/calendars/25live-woodpec-cal?eventid=1356587353,1356587353,
CS Fencing,https://25livepub.collegenet.com/calendars/25live-woodpec-cal?eventid=1342980029,1342980029,
EDC Rehearsals,https://25livepub.collegenet.com/calendars/25live-woodpec-cal?eventid=1353014089,1353014089,
ASO Dance Practice,https://25livepub.collegenet.com/calendars/25live-woodpec-cal?eventid=1347802736,1347802736,
CMU Shootaround,https://25livepub.collegenet.com/calendars/25live-woodpec-cal?eventid=1353508027,1353508027,
Swim/Dive Practice,https://25livepub.collegenet.com/calendars/25live-woodpec-cal?eventid=1290411684,1290411684,
Swim/Dive Practice,https://25livepub.collegenet.com/calendars/25live-woodpec-cal?eventid=1290411686,1290411686,
Swim/Dive Practice,https://25livepub.collegenet.com/calendars/25live-woodpec-cal?eventid=1290411687,1290411687,
Swim/Dive Practice,https://25livepub.collegenet.com/calendars/25live-woodpec-cal?eventid=1290411688,1290411688,
Swim/Dive Practice,https://25livepub.collegenet.com/calendars/25live-woodpec-cal?eventid=1290411689,1290411689,
Swim/Dive Practice,https://25livepub.collegenet.com/calendars/25live-woodpec-cal?eventid=1290434103,1290434103,
WBB Shootaround,https://25livepub.collegenet.com/calendars/25live-woodpec-cal?eventid=1353456136,1353456136,
Sunrise Yoga (Savvy),https://25livepub.collegenet.com/calendars/25live-woodpec-cal?eventid=1346500502,1346500502,
Stretch & Restore (Maki),https://25livepub.collegenet.com/calendars/25live-woodpec-cal?eventid=1346500505,1346500505,
Sunrise Yoga (Savvy),https://25livepub.collegenet.com/calendars/25live-woodpec-cal?eventid=1346500507,1346500507,
Stretch & Restore (Maki),https://25livepub.collegenet.com/calendars/25live-woodpec-cal?eventid=1346500510,1346500510,
Track & Field Practice,https://25livepub.collegenet.com/calendars/25live-woodpec-cal?eventid=1345033087,1345033087,
WTEN Scrim vs Tenn Wesleyan,https://25livepub.collegenet.com/calendars/25live-woodpec-cal?eventid=1346172084,1346172084,
WBB Pregame Meal,https://25livepub.collegenet.com/calendars/25live-woodpec-cal?eventid=1336281931,1336281931,
Rise & Ride (Cecilia),https://25livepub.collegenet.com/calendars/25live-woodpec-cal?eventid=1346437053,1346437053,
Rise & Ride (Lauren),https://25livepub.collegenet.com/calendars/25live-woodpec-cal?eventid=1346500852,1346500852,
Rise & Ride (Cecilia),https://25livepub.collegenet.com/calendars/25live-woodpec-cal?eventid=1346437054,1346437054,
Track & Field Practice,https://25livepub.collegenet.com/calendars/25live-woodpec-cal?eventid=1345033086,1345033086,
Dance Class Warm Up,https://25livepub.collegenet.com/calendars/25live-woodpec-cal?eventid=1354096151,1354096151,
Agnition Team Practice,https://25livepub.collegenet.com/calendars/25live-woodpec-cal?eventid=1354448984,1354448984,
WBB Pregame Meal,https://25livepub.collegenet.com/calendars/25live-woodpec-cal?eventid=1338630753,1338630753,
PE Tennis,https://25livepub.collegenet.com/calendars/25live-woodpec-cal?eventid=1346728125,1346728125,
Track & Field Practice,https://25livepub.collegenet.com/calendars/25live-woodpec-cal?eventid=1345033084,1345033084,
Track & Field Practice,https://25livepub.collegenet.com/calendars/25live-woodpec-cal?eventid=1345033085,1345033085,
PE 167 4 3914,https://25livepub.collegenet.com/calendars/25live-woodpec-cal?eventid=1338681519,1338681519,
MATH 212L 1 3146,https://25livepub.collegenet.com/calendars/25live-woodpec-cal?eventid=1353495988,1353495988,
Dance Net,https://25livepub.collegenet.com/calendars/25live-woodpec-cal?eventid=1350990072,1350990072,
Dance Net,https://25livepub.collegenet.com/calendars/25live-woodpec-cal?eventid=1350990071,1350990071,
PE Tennis,https://25livepub.collegenet.com/calendars/25live-woodpec-cal?eventid=1346727512,1346727512,
PE 167 4 3914,https://25livepub.collegenet.com/calendars/25live-woodpec-cal?eventid=1338681518,1338681518,
PE 285 1 5750,https://25livepub.collegenet.com/calendars/25live-woodpec-cal?eventid=1334160959,1334160959,
PE 199 2 4023,https://25livepub.collegenet.com/calendars/25live-woodpec-cal?eventid=1321089722,1321089722,
PE 116 1 3888,https://25livepub.collegenet.com/calendars/25live-woodpec-cal?eventid=1337685620,1337685620,
Foundational Clinic,https://25livepub.collegenet.com/calendars/25live-woodpec-cal?eventid=1346689186,1346689186,
WTEN Practice,https://25livepub.collegenet.com/calendars/25live-woodpec-cal?eventid=1342408553,1342408553,
PE 194 1 3927,https://25livepub.collegenet.com/calendars/25live-woodpec-cal?eventid=1337683731,1337683731,
PE 161 1 4018,https://25livepub.collegenet.com/calendars/25live-woodpec-cal?eventid=1337683734,1337683734,
PE Tennis,https://25livepub.collegenet.com/calendars/25live-woodpec-cal?eventid=1346728126,1346728126,
DANC 121R 1 3034,https://25livepub.collegenet.com/calendars/25live-woodpec-cal?eventid=1326405101,1326405101,
DANC 323R 1 3085,https://25livepub.collegenet.com/calendars/25live-woodpec-cal?eventid=1321090246,1321090246,
Rise & Ride (Cecilia),https://25livepub.collegenet.com/calendars/25live-woodpec-cal?eventid=1346500854,1346500854,
MBB Pregame Meal,https://25livepub.collegenet.com/calendars/25live-woodpec-cal?eventid=1336636878,1336636878,
DANC 223R 1 3076,https://25livepub.collegenet.com/calendars/25live-woodpec-cal?eventid=1321090228,1321090228,
PE 199 1 4005,https://25livepub.collegenet.com/calendars/25live-woodpec-cal?eventid=1321089720,1321089720,
PE Tennis,https://25livepub.collegenet.com/calendars/25live-woodpec-cal?eventid=1346727513,1346727513,
PE 212 1 3939,https://25livepub.collegenet.com/calendars/25live-woodpec-cal?eventid=1337685453,1337685453,
Barre Sculpt (Avery),https://25livepub.collegenet.com/calendars/25live-woodpec-cal?eventid=1346501654,1346501654,
Yoga Sculpt (Audrey),https://25livepub.collegenet.com/calendars/25live-woodpec-cal?eventid=1346500513,1346500513,
WBB v Carnegie,https://25livepub.collegenet.com/calendars/25live-woodpec-cal?eventid=1292105743,1292105743,
PE 162 1 3903,https://25livepub.collegenet.com/calendars/25live-woodpec-cal?eventid=1337684344,1337684344,
DANC 121R 1 3034,https://25livepub.collegenet.com/calendars/25live-woodpec-cal?eventid=1326405099,1326405099,
PE 194 1 3927,https://25livepub.collegenet.com/calendars/25live-woodpec-cal?eventid=1337683737,1337683737,
PE 192 1 3925,https://25livepub.collegenet.com/calendars/25live-woodpec-cal?eventid=1337685512,1337685512,
EDC Rehearsals,https://25livepub.collegenet.com/calendars/25live-woodpec-cal?eventid=1353014094,1353014094,
CS Women's Soccer,https://25livepub.collegenet.com/calendars/25live-woodpec-cal?eventid=1351910594,1351910594,
Varsity Softball Practice,https://25livepub.collegenet.com/calendars/25live-woodpec-cal?eventid=1355517603,1355517603,
DANC 323R 1 3085,https://25livepub.collegenet.com/calendars/25live-woodpec-cal?eventid=1321090229,1321090229,
PE 212 1 3939,https://25livepub.collegenet.com/calendars/25live-woodpec-cal?eventid=1337685451,1337685451,
DANC 223R 1 3076,https://25livepub.collegenet.com/calendars/25live-woodpec-cal?eventid=1321090237,1321090237,
PE 164 1 3905,https://25livepub.collegenet.com/calendars/25live-woodpec-cal?eventid=1337684355,1337684355,
Climbing Wall Supervisor Meeting,https://25livepub.collegenet.com/calendars/25live-woodpec-cal?eventid=1354959512,1354959512,
CS BJJ,https://25livepub.collegenet.com/calendars/25live-woodpec-cal?eventid=1343069315,1343069315,
EDC Rehearsals,https://25livepub.collegenet.com/calendars/25live-woodpec-cal?eventid=1353014091,1353014091,
PE 167 3 3912,https://25livepub.collegenet.com/calendars/25live-woodpec-cal?eventid=1337684345,1337684345,
PE 192 1 3925,https://25livepub.collegenet.com/calendars/25live-woodpec-cal?eventid=1337685511,1337685511,
PE 162 1 3903,https://25livepub.collegenet.com/calendars/25live-woodpec-cal?eventid=1337684351,1337684351,
Athletics Care Team,https://25livepub.collegenet.com/calendars/25live-woodpec-cal?eventid=1350938681,1350938681,
MTEN Practice,https://25livepub.collegenet.com/calendars/25live-woodpec-cal?eventid=1342664849,1342664849,
TNT Practice,https://25livepub.collegenet.com/calendars/25live-woodpec-cal?eventid=1353871111,1353871111,
MTEN Practice,https://25livepub.collegenet.com/calendars/25live-woodpec-cal?eventid=1342664844,1342664844,
Mindful Mobility (Tani),https://25livepub.collegenet.com/calendars/25live-woodpec-cal?eventid=1346500503,1346500503,
RecWell Team Meeting,https://25livepub.collegenet.com/calendars/25live-woodpec-cal?eventid=1352395224,1352395224,
DANC 323R 1 3085,https://25livepub.collegenet.com/calendars/25live-woodpec-cal?eventid=1321090238,1321090238,
PE 116 1 3888,https://25livepub.collegenet.com/calendars/25live-woodpec-cal?eventid=1337685619,1337685619,
MTEN Practice,https://25livepub.collegenet.com/calendars/25live-woodpec-cal?eventid=1342664723,1342664723,
CS Men's Soccer,https://25livepub.collegenet.com/calendars/25live-woodpec-cal?eventid=1351910595,1351910595,
MTEN Practice,https://25livepub.collegenet.com/calendars/25live-woodpec-cal?eventid=1342664718,1342664718,
GA Meeting,https://25livepub.collegenet.com/calendars/25live-woodpec-cal?eventid=1355648517,1355648517,
PE 164 1 3905,https://25livepub.collegenet.com/calendars/25live-woodpec-cal?eventid=1337684348,1337684348,
PE 167 3 3912,https://25livepub.collegenet.com/calendars/25live-woodpec-cal?eventid=1337684352,1337684352,
DANC 121R 2 3035,https://25livepub.collegenet.com/calendars/25live-woodpec-cal?eventid=1326405102,1326405102,
Track Practice,https://25livepub.collegenet.com/calendars/25live-woodpec-cal?eventid=1353361330,1353361330,
Tryouts,https://25livepub.collegenet.com/calendars/25live-woodpec-cal?eventid=1356741217,1356741217,
CS Water Polo,https://25livepub.collegenet.com/calendars/25live-woodpec-cal?eventid=1345369420,1345369420,
DANC 222R 1 3075,https://25livepub.collegenet.com/calendars/25live-woodpec-cal?eventid=1354467056,1354467056,
PE 116 1 3888,https://25livepub.collegenet.com/calendars/25live-woodpec-cal?eventid=1337685618,1337685618,
HIIT Remix (Tani),https://25livepub.collegenet.com/calendars/25live-woodpec-cal?eventid=1346500508,1346500508,
PE 167 5 3915,https://25livepub.collegenet.com/calendars/25live-woodpec-cal?eventid=1337684356,1337684356,
Swim/Dive Practice,https://25livepub.collegenet.com/calendars/25live-woodpec-cal?eventid=1290411690,1290411690,
CS Cycle & Tri,https://25livepub.collegenet.com/calendars/25live-woodpec-cal?eventid=1345369423,1345369423,
IM 5v5 Basketball,https://25livepub.collegenet.com/calendars/25live-woodpec-cal?eventid=1342937213,1342937213,
Campus Planning Meeting,https://25livepub.collegenet.com/calendars/25live-woodpec-cal?eventid=1339340055,1339340055,
DANC 121R 2 3035,https://25livepub.collegenet.com/calendars/25live-woodpec-cal?eventid=1326405100,1326405100,
MTEN vs Tennessee Wesleyan,https://25livepub.collegenet.com/calendars/25live-woodpec-cal?eventid=1342408555,1342408555,
PE 167 1 3907,https://25livepub.collegenet.com/calendars/25live-woodpec-cal?eventid=1337683740,1337683740,
CS Emory Ultimate,https://25livepub.collegenet.com/calendars/25live-woodpec-cal?eventid=1342979793,1342979793,
TNT Practice,https://25livepub.collegenet.com/calendars/25live-woodpec-cal?eventid=1353860786,1353860786,
CS Judo,https://25livepub.collegenet.com/calendars/25live-woodpec-cal?eventid=1346629980,1346629980,
PE 167 2 3911,https://25livepub.collegenet.com/calendars/25live-woodpec-cal?eventid=1337684346,1337684346,
PE 167 5 3915,https://25livepub.collegenet.com/calendars/25live-woodpec-cal?eventid=1337684349,1337684349,
DANC 222R 1 3075,https://25livepub.collegenet.com/calendars/25live-woodpec-cal?eventid=1354467057,1354467057,
DANC 123R 1 3037,https://25livepub.collegenet.com/calendars/25live-woodpec-cal?eventid=1344090365,1344090365,
CS Men's Ultimate,https://25livepub.collegenet.com/calendars/25live-woodpec-cal?eventid=1342979792,1342979792,
Tryouts,https://25livepub.collegenet.com/calendars/25live-woodpec-cal?eventid=1356741507,1356741507,
PE 189 1 3918,https://25livepub.collegenet.com/calendars/25live-woodpec-cal?eventid=1337683732,1337683732,
PE 167 1 3907,https://25livepub.collegenet.com/calendars/25live-woodpec-cal?eventid=1337683735,1337683735,
A&R Leadership - Price Carter,https://25livepub.collegenet.com/calendars/25live-woodpec-cal?eventid=1353509338,1353509338,
PE 112 1 3063,https://25livepub.collegenet.com/calendars/25live-woodpec-cal?eventid=1337685454,1337685454,
WTEN Practice,https://25livepub.collegenet.com/calendars/25live-woodpec-cal?eventid=1342408558,1342408558,
Break Emory Practice,https://25livepub.collegenet.com/calendars/25live-woodpec-cal?eventid=1353667302,1353667302,
DANC 150R 1 3043,https://25livepub.collegenet.com/calendars/25live-woodpec-cal?eventid=1344802499,1344802499,
DANC 123R 1 3037,https://25livepub.collegenet.com/calendars/25live-woodpec-cal?eventid=1344090364,1344090364,
PE 167 2 3911,https://25livepub.collegenet.com/calendars/25live-woodpec-cal?eventid=1337684353,1337684353,
PE 130 1 3889,https://25livepub.collegenet.com/calendars/25live-woodpec-cal?eventid=1337684357,1337684357,
Power Flow Yoga (Caroline),https://25livepub.collegenet.com/calendars/25live-woodpec-cal?eventid=1346500512,1346500512,
EKB Tryouts,https://25livepub.collegenet.com/calendars/25live-woodpec-cal?eventid=1357242475,1357242475,
MTEN Practice,https://25livepub.collegenet.com/calendars/25live-woodpec-cal?eventid=1342664845,1342664845,
PE 112 1 3063,https://25livepub.collegenet.com/calendars/25live-woodpec-cal?eventid=1337685452,1337685452,
Swim/Dive Practice,https://25livepub.collegenet.com/calendars/25live-woodpec-cal?eventid=1290434101,1290434101,
Athletics PLG,https://25livepub.collegenet.com/calendars/25live-woodpec-cal?eventid=1334726515,1334726515,
Lift & Burn (Morgan),https://25livepub.collegenet.com/calendars/25live-woodpec-cal?eventid=1346501655,1346501655,
EKB Tryouts,https://25livepub.collegenet.com/calendars/25live-woodpec-cal?eventid=1357247794,1357247794,
MTEN Practice,https://25livepub.collegenet.com/calendars/25live-woodpec-cal?eventid=1342664719,1342664719,
PE 130 1 3889,https://25livepub.collegenet.com/calendars/25live-woodpec-cal?eventid=1337684350,1337684350,
PE 189 1 3918,https://25livepub.collegenet.com/calendars/25live-woodpec-cal?eventid=1337683738,1337683738,
PE 194 2 3933,https://25livepub.collegenet.com/calendars/25live-woodpec-cal?eventid=1337683741,1337683741,
Zeebah Rehearsal,https://25livepub.collegenet.com/calendars/25live-woodpec-cal?eventid=1354096152,1354096152,
Track Practice,https://25livepub.collegenet.com/calendars/25live-woodpec-cal?eventid=1353361326,1353361326,
SSDC Meeting,https://25livepub.collegenet.com/calendars/25live-woodpec-cal?eventid=1355022727,1355022727,
DANC 150R 1 3043,https://25livepub.collegenet.com/calendars/25live-woodpec-cal?eventid=1344802500,1344802500,
WTEN Practice,https://25livepub.collegenet.com/calendars/25live-woodpec-cal?eventid=1342408557,1342408557,
CS Men's LAX,https://25livepub.collegenet.com/calendars/25live-woodpec-cal?eventid=1342979794,1342979794,
Swim/Dive Practice,https://25livepub.collegenet.com/calendars/25live-woodpec-cal?eventid=1290411685,1290411685,
PE 194 2 3933,https://25livepub.collegenet.com/calendars/25live-woodpec-cal?eventid=1337683736,1337683736,
MTEN Practice,https://25livepub.collegenet.com/calendars/25live-woodpec-cal?eventid=1342664847,1342664847,
Swim/Dive Practice,https://25livepub.collegenet.com/calendars/25live-woodpec-cal?eventid=1290434102,1290434102,
CS Roundnet,https://25livepub.collegenet.com/calendars/25live-woodpec-cal?eventid=1355806339,1355806339,
Marketing Office Hours,https://25livepub.collegenet.com/calendars/25live-woodpec-cal?eventid=1353019268,1353019268,
WTEN Practice,https://25livepub.collegenet.com/calendars/25live-woodpec-cal?eventid=1342408554,1342408554,
MTEN Practice,https://25livepub.collegenet.com/calendars/25live-woodpec-cal?eventid=1342664721,1342664721,
Track Practice,https://25livepub.collegenet.com/calendars/25live-woodpec-cal?eventid=1353361329,1353361329,
Zeebah Rehearsal,https://25livepub.collegenet.com/calendars/25live-woodpec-cal?eventid=1354095468,1354095468,
PE 191 1 3921,https://25livepub.collegenet.com/calendars/25live-woodpec-cal?eventid=1338253163,1338253163,
Swim/Dive Practice,https://25livepub.collegenet.com/calendars/25live-woodpec-cal?eventid=1290434100,1290434100,
Track Practice,https://25livepub.collegenet.com/calendars/25live-woodpec-cal?eventid=1353361328,1353361328,
MBB Practice,https://25livepub.collegenet.com/calendars/25live-woodpec-cal?eventid=1357117101,1357117101,
Salsa Weekly Practices,https://25livepub.collegenet.com/calendars/25live-woodpec-cal?eventid=1351575770,1351575770,
MBB Practice,https://25livepub.collegenet.com/calendars/25live-woodpec-cal?eventid=1353099984,1353099984,
Track Practice,https://25livepub.collegenet.com/calendars/25live-woodpec-cal?eventid=1353361327,1353361327,
Marketing Office Hours,https://25livepub.collegenet.com/calendars/25live-woodpec-cal?eventid=1353019269,1353019269,
DANC 491R 1 3100,https://25livepub.collegenet.com/calendars/25live-woodpec-cal?eventid=1321090245,1321090245,
CS Badminton,https://25livepub.collegenet.com/calendars/25live-woodpec-cal?eventid=1342980039,1342980039,
Feel Good Yoga (Martine),https://25livepub.collegenet.com/calendars/25live-woodpec-cal?eventid=1346500504,1346500504,
DANC 491R 1 3100,https://25livepub.collegenet.com/calendars/25live-woodpec-cal?eventid=1321090236,1321090236,
MBB Practice,https://25livepub.collegenet.com/calendars/25live-woodpec-cal?eventid=1357117100,1357117100,
Align & Flow Yoga (Stacy),https://25livepub.collegenet.com/calendars/25live-woodpec-cal?eventid=1346500511,1346500511,
Ballroom Dance Lesson,https://25livepub.collegenet.com/calendars/25live-woodpec-cal?eventid=1353868453,1353868453,
Personal Trainer Staff Meeting,https://25livepub.collegenet.com/calendars/25live-woodpec-cal?eventid=1350857413,1350857413,
MTEN Practice,https://25livepub.collegenet.com/calendars/25live-woodpec-cal?eventid=1342664846,1342664846,
PE 191 1 3921,https://25livepub.collegenet.com/calendars/25live-woodpec-cal?eventid=1338253164,1338253164,
MTEN Practice,https://25livepub.collegenet.com/calendars/25live-woodpec-cal?eventid=1342664848,1342664848,
CS Women's Volleyball,https://25livepub.collegenet.com/calendars/25live-woodpec-cal?eventid=1342980040,1342980040,
WERQ (Christy),https://25livepub.collegenet.com/calendars/25live-woodpec-cal?eventid=1346478509,1346478509,
MTEN Practice,https://25livepub.collegenet.com/calendars/25live-woodpec-cal?eventid=1342664720,1342664720,
PE 296 1 4026,https://25livepub.collegenet.com/calendars/25live-woodpec-cal?eventid=1337687445,1337687445,
MTEN Practice,https://25livepub.collegenet.com/calendars/25live-woodpec-cal?eventid=1342664722,1342664722,
CS Men's LAX,https://25livepub.collegenet.com/calendars/25live-woodpec-cal?eventid=1342979780,1342979780,
Vinyasa Flow (Maggie),https://25livepub.collegenet.com/calendars/25live-woodpec-cal?eventid=1346500506,1346500506,
WTEN Practice,https://25livepub.collegenet.com/calendars/25live-woodpec-cal?eventid=1342408556,1342408556,
Emory Shotokan Karate Practice,https://25livepub.collegenet.com/calendars/25live-woodpec-cal?eventid=1355648544,1355648544,
CS Men's Basketball,https://25livepub.collegenet.com/calendars/25live-woodpec-cal?eventid=1351606359,1351606359,
CS Men's Soccer,https://25livepub.collegenet.com/calendars/25live-woodpec-cal?eventid=1342979783,1342979783,
Lift & Burn (Morgan),https://25livepub.collegenet.com/calendars/25live-woodpec-cal?eventid=1346501649,1346501649,
Pop-Up Classes,https://25livepub.collegenet.com/calendars/25live-woodpec-cal?eventid=1346749473,1346749473,
CS Water Polo,https://25livepub.collegenet.com/calendars/25live-woodpec-cal?eventid=1345369421,1345369421,
IM 5v5 Basketball,https://25livepub.collegenet.com/calendars/25live-woodpec-cal?eventid=1342937215,1342937215,
CS Roundnet,https://25livepub.collegenet.com/calendars/25live-woodpec-cal?eventid=1355806338,1355806338,
CS Men's Soccer,https://25livepub.collegenet.com/calendars/25live-woodpec-cal?eventid=1342979789,1342979789,
CS BJJ,https://25livepub.collegenet.com/calendars/25live-woodpec-cal?eventid=1343069311,1343069311,
WBB Practice,https://25livepub.collegenet.com/calendars/25live-woodpec-cal?eventid=1353099985,1353099985,
SPC Winter Market,https://25livepub.collegenet.com/calendars/25live-woodpec-cal?eventid=1345104249,1345104249,
PM Pedal (Lauren),https://25livepub.collegenet.com/calendars/25live-woodpec-cal?eventid=1346500853,1346500853,
CS Men's Ultimate,https://25livepub.collegenet.com/calendars/25live-woodpec-cal?eventid=1342979782,1342979782,
Total Body Burn (Amanda),https://25livepub.collegenet.com/calendars/25live-woodpec-cal?eventid=1346478510,1346478510,
Feel Good Yoga (Martine),https://25livepub.collegenet.com/calendars/25live-woodpec-cal?eventid=1346500509,1346500509,
Adrenaline Practice,https://25livepub.collegenet.com/calendars/25live-woodpec-cal?eventid=1353868452,1353868452,
CS Women's LAX,https://25livepub.collegenet.com/calendars/25live-woodpec-cal?eventid=1342979781,1342979781,
CS Emory Ultimate,https://25livepub.collegenet.com/calendars/25live-woodpec-cal?eventid=1342979784,1342979784,
EDC Rehearsals,https://25livepub.collegenet.com/calendars/25live-woodpec-cal?eventid=1353014092,1353014092,
Adrenaline Practice,https://25livepub.collegenet.com/calendars/25live-woodpec-cal?eventid=1353860785,1353860785,
CS Women's Basketball,https://25livepub.collegenet.com/calendars/25live-woodpec-cal?eventid=1342978029,1342978029,
Dance Class,https://25livepub.collegenet.com/calendars/25live-woodpec-cal?eventid=1351407849,1351407849,
WBB Practice,https://25livepub.collegenet.com/calendars/25live-woodpec-cal?eventid=1353099987,1353099987,
WERQ (Tina),https://25livepub.collegenet.com/calendars/25live-woodpec-cal?eventid=1346501652,1346501652,
Pre Trip Meeting OR,https://25livepub.collegenet.com/calendars/25live-woodpec-cal?eventid=1343385124,1343385124,
CS Women's Soccer,https://25livepub.collegenet.com/calendars/25live-woodpec-cal?eventid=1342979785,1342979785,
OE Meetings,https://25livepub.collegenet.com/calendars/25live-woodpec-cal?eventid=1354959511,1354959511,
Softball Conditioning Test,https://25livepub.collegenet.com/calendars/25live-woodpec-cal?eventid=1352119378,1352119378,
CS Tennis,https://25livepub.collegenet.com/calendars/25live-woodpec-cal?eventid=1343069997,1343069997,
Encore Tryouts,https://25livepub.collegenet.com/calendars/25live-woodpec-cal?eventid=1355819795,1355819795,
Barre Sculpt (Avery),https://25livepub.collegenet.com/calendars/25live-woodpec-cal?eventid=1346501650,1346501650,
CS Emory Ultimate,https://25livepub.collegenet.com/calendars/25live-woodpec-cal?eventid=1342979790,1342979790,
CS Swimming,https://25livepub.collegenet.com/calendars/25live-woodpec-cal?eventid=1343066432,1343066432,
CS Tennis,https://25livepub.collegenet.com/calendars/25live-woodpec-cal?eventid=1343069998,1343069998,
CS Men's LAX,https://25livepub.collegenet.com/calendars/25live-woodpec-cal?eventid=1342979786,1342979786,
CS Water Polo,https://25livepub.collegenet.com/calendars/25live-woodpec-cal?eventid=1345369422,1345369422,
SAAC,https://25livepub.collegenet.com/calendars/25live-woodpec-cal?eventid=1342613252,1342613252,
CS Swimming,https://25livepub.collegenet.com/calendars/25live-woodpec-cal?eventid=1343066433,1343066433,
CS Men's Basketball,https://25livepub.collegenet.com/calendars/25live-woodpec-cal?eventid=1351606360,1351606360,
Total Body Burn (Amanda),https://25livepub.collegenet.com/calendars/25live-woodpec-cal?eventid=1346501653,1346501653,
CS Fencing,https://25livepub.collegenet.com/calendars/25live-woodpec-cal?eventid=1345360305,1345360305,
CS Badminton,https://25livepub.collegenet.com/calendars/25live-woodpec-cal?eventid=1342980033,1342980033,
Tae Kwon Do (John),https://25livepub.collegenet.com/calendars/25live-woodpec-cal?eventid=1346501651,1346501651,
CS BJJ,https://25livepub.collegenet.com/calendars/25live-woodpec-cal?eventid=1343069313,1343069313,
CS Women's Volleyball,https://25livepub.collegenet.com/calendars/25live-woodpec-cal?eventid=1342980032,1342980032,
CS Fencing,https://25livepub.collegenet.com/calendars/25live-woodpec-cal?eventid=1342980034,1342980034,
CS Judo,https://25livepub.collegenet.com/calendars/25live-woodpec-cal?eventid=1346629981,1346629981,
CS Women's Soccer,https://25livepub.collegenet.com/calendars/25live-woodpec-cal?eventid=1342979791,1342979791,
Pre Trip Meeting,https://25livepub.collegenet.com/calendars/25live-woodpec-cal?eventid=1343383882,1343383882,
Saraas Practice,https://25livepub.collegenet.com/calendars/25live-woodpec-cal?eventid=1347803564,1347803564,
CS Men's Ultimate,https://25livepub.collegenet.com/calendars/25live-woodpec-cal?eventid=1342979787,1342979787,
IM Supervisor Training,https://25livepub.collegenet.com/calendars/25live-woodpec-cal?eventid=1342937594,1342937594,
IM 5v5 Basketball,https://25livepub.collegenet.com/calendars/25live-woodpec-cal?eventid=1342937214,1342937214,
CS Women's Basketball,https://25livepub.collegenet.com/calendars/25live-woodpec-cal?eventid=1345356738,1345356738,
CS Tennis,https://25livepub.collegenet.com/calendars/25live-woodpec-cal?eventid=1343070000,1343070000,
CS Tennis,https://25livepub.collegenet.com/calendars/25live-woodpec-cal?eventid=1343069999,1343069999,
CS Swimming,https://25livepub.collegenet.com/calendars/25live-woodpec-cal?eventid=1343066435,1343066435,
CS Swimming,https://25livepub.collegenet.com/calendars/25live-woodpec-cal?eventid=1343066434,1343066434,
CS Badminton,https://25livepub.collegenet.com/calendars/25live-woodpec-cal?eventid=1342980038,1342980038,
CS Women's Volleyball,https://25livepub.collegenet.com/calendars/25live-woodpec-cal?eventid=1342980035,1342980035,
CS Fencing,https://25livepub.collegenet.com/calendars/25live-woodpec-cal?eventid=1342980037,1342980037,
CS Men's Volleyball,https://25livepub.collegenet.com/calendars/25live-woodpec-cal?eventid=1342980036,1342980036,
EDC Rehearsals,https://25livepub.collegenet.com/calendars/25live-woodpec-cal?eventid=1353014093,1353014093,
Break Emory Practice,https://25livepub.collegenet.com/calendars/25live-woodpec-cal?eventid=1353667301,1353667301,
Agnition Team Practice,https://25livepub.collegenet.com/calendars/25live-woodpec-cal?eventid=1354448983,1354448983,
CS Baseball,https://25livepub.collegenet.com/calendars/25live-woodpec-cal?eventid=1342979788,1342979788,
ASO Dance Practice,https://25livepub.collegenet.com/calendars/25live-woodpec-cal?eventid=1356480257,1356480257,
Vibez Dance Practice,https://25livepub.collegenet.com/calendars/25live-woodpec-cal?eventid=1353244307,1353244307,
Emotion Dance Practice,https://25livepub.collegenet.com/calendars/25live-woodpec-cal?eventid=1353444640,1353444640,
TNT Practice,https://25livepub.collegenet.com/calendars/25live-woodpec-cal?eventid=1353871110,1353871110,
TNT Practice,https://25livepub.collegenet.com/calendars/25live-woodpec-cal?eventid=1353860784,1353860784,
Suri Rehearsal,https://25livepub.collegenet.com/calendars/25live-woodpec-cal?eventid=1354055500,1354055500,
